{
  "bookmarks": [
    {
      "items": [
        {
          "name": "Hawaii",
          "extent": {
            "xmax": -17232996.353700,
            "xmin": -17838620.597500,
            "ymax": 2539458.216500,
            "ymin": 2144428.125600,           

            "spatialReference": {
              "wkid": 102100
            }
          }
        },
        {
          "name": "Alaska",
          "extent": {
			"xmax": -19951755.682100,
			"xmin": -20021551.747400,
			"ymax": 11554273.612400,
			"ymin": 6649081.541900,
            "spatialReference": {
              "wkid": 102100
            }
          }
        },
        {
          "name": "PRVI",
          "extent": {
			"xmax": -7187363.955800,
			"xmin": -7564321.223000,
			"ymax": 2098168.552400,
			"ymin": 1999395.310000,
            "spatialReference": {
              "wkid": 102100
            }
          }
        },
        {
          "name": "Conus",
          "extent": {
            "xmax": -5347672,
            "xmin": -15914327,
            "ymax": 7733573,
            "ymin": 1853426,
            "spatialReference": {
              "wkid": 102100
            }
          }
        }         
      ]

    }

  ]
}
